{
    "normals":[0.944243,-0.155004,-0.290445,0.924284,-0.0490432,0.37846,0.847468,-0.408673,0.338725,0.845424,-0.40904,-0.343364,0.906217,-0.272866,-0.322916,0.968993,-0.018891,-0.246345,0.689535,-0.382916,-0.614704,0.711325,-0.0890835,-0.697165,-0.263466,-0.145726,-0.953581,0.263466,-0.145726,-0.953581,0.227485,-0.438643,-0.869381,-0.227485,-0.438643,-0.869381,-0.500076,-0.538713,-0.677999,0.500076,-0.538713,-0.677999,0.324503,-0.364544,-0.872799,-0.324503,-0.364544,-0.872799,-0.968993,-0.018891,-0.246345,-0.711325,-0.0890835,-0.697165,-0.689535,-0.382916,-0.614704,-0.906217,-0.272866,-0.322916,-0.251747,-0.882656,-0.396863,0.251747,-0.882656,-0.396863,-0.315744,-0.886227,-0.338908,0.315744,-0.886227,-0.338908,0.315744,-0.886227,0.338908,-0.315744,-0.886227,0.338908,-0.923734,0,0.383007,-0.944243,-0.155004,-0.290445,-0.924284,-0.0490432,0.37846,-0.845424,-0.40904,-0.343364,-0.847468,-0.408673,0.338725,0.382336,0,0.924009,-0.382336,0,0.924009,-0.392773,-0.0215766,0.91937,0.392773,-0.0215766,0.91937,-0.328562,-0.365673,0.870785,0.328562,-0.365673,0.870785,0.923734,0,0.383007],
    "colors":[],
    "faces":[43,0,1,2,3,0,0,1,2,3,0,1,2,3,43,1,0,4,5,0,1,0,4,5,1,0,4,5,43,6,7,5,4,0,6,7,5,4,6,7,5,4,43,8,9,10,11,0,8,9,10,11,8,9,10,11,43,12,13,14,15,0,12,13,14,15,12,13,14,15,43,16,17,18,19,0,16,17,18,19,16,17,18,19,43,20,21,13,12,0,20,21,22,23,20,21,13,12,43,22,23,24,25,0,24,25,26,27,22,23,24,25,43,26,16,27,28,0,28,16,29,30,26,16,27,28,43,28,27,29,30,0,30,29,31,32,28,27,29,30,43,31,32,33,34,0,33,34,35,36,31,32,33,34,43,34,33,35,36,0,36,35,37,38,34,33,35,36,43,2,24,23,3,0,39,26,25,40,2,24,23,3,43,13,0,3,14,0,13,42,41,14,13,0,3,14,43,1,34,36,2,0,43,36,38,44,1,34,36,2,43,37,31,34,1,0,45,33,36,43,37,31,34,1,43,4,13,21,6,0,46,22,21,47,4,13,21,6,43,6,10,9,7,0,48,10,9,49,6,10,9,7,43,10,21,20,11,0,50,21,20,51,10,21,20,11,43,11,18,17,8,0,11,52,53,8,11,18,17,8,43,14,23,22,15,0,54,25,24,55,14,23,22,15,43,15,29,27,12,0,15,56,43,12,15,29,27,12,43,18,20,12,19,0,57,20,23,58,18,20,12,19,43,24,36,35,25,0,59,38,37,60,24,36,35,25,43,25,30,29,22,0,27,61,62,24,25,30,29,22,43,28,33,32,26,0,42,35,34,63,28,33,32,26,43,30,35,33,28,0,64,37,35,42,30,35,33,28,42,1,5,37,0,1,5,65,1,5,37,42,27,16,19,0,29,16,19,27,16,19,42,11,20,18,0,11,66,52,11,20,18,42,10,6,21,0,10,48,67,10,6,21,42,36,24,2,0,68,26,39,36,24,2,42,12,27,19,0,12,43,69,12,27,19,42,4,0,13,0,46,70,22,4,0,13,42,35,30,25,0,71,61,27,35,30,25,42,15,22,29,0,55,24,62,15,22,29,42,23,14,3,0,25,54,40,23,14,3],
    "uvs":[[0.796578,0.543706,-0.316891,0.543706,-0.316891,0.161766,0.796579,0.161767,0.801782,0.54891,0.801781,0.843407,1.2724,0.548908,1.31744,0.843407,0.723734,0.843407,0.276265,0.843407,0.276265,0.54885,0.723734,0.54885,0.993914,0.543706,0.006085,0.543706,0.046798,0.161797,0.953202,0.161797,0.198218,0.843407,-0.317436,0.843407,-0.2724,0.548908,0.198218,0.54891,0.725915,1.2711,0.274085,1.2711,0.006085,0.801782,0.993914,0.801782,0.952672,0.796579,0.047328,0.796579,0.047328,-0.316891,0.952672,-0.316891,1.31689,0.843406,0.203421,0.543706,1.31689,0.543706,0.203421,0.161767,1.31689,0.161766,0.994297,0.843406,0.005703,0.843406,0.005718,0.543706,0.994282,0.543706,0.046798,0.161796,0.953202,0.161796,0.041569,-0.316891,0.041568,0.796579,0.041568,0.161767,0.0005,0.543706,0.9995,0.543706,0.958431,0.161766,0.9995,0.843406,0.0005,0.801782,0.268721,1.2724,0.268721,0.548908,0.26864,0.843407,0.276265,1.27709,0.723734,1.27709,0.731279,0.548908,0.73136,0.843407,0.046798,0.801782,0.953202,0.801782,0.958431,0.161767,0.731279,1.2724,0.9995,0.801782,0.952672,0.156593,0.047328,0.156593,0.958432,-0.316891,0.958431,0.796579,0.0005,0.843406,0.041568,0.161766,-0.316892,0.843406,0.725915,0.543707,0.274085,0.543707,0.046798,-0.322094,0.9995,0.54891,0.0005,0.796578,0.953202,-0.322094]],
    "vertices":[0.36,0.757019,-0.438296,0.36,0.757019,0.364204,0.330401,0.481747,0.364204,0.330401,0.481747,-0.438296,0.36,0.760769,-0.442046,0.36,0.973019,-0.442046,0.166687,0.760767,-0.78123,0.166746,0.973019,-0.813688,-0.16125,0.973019,-0.817046,0.16125,0.973019,-0.817046,0.16125,0.760726,-0.784612,-0.16125,0.760726,-0.784612,-0.355974,0.757019,-0.442046,0.355974,0.757019,-0.442046,0.326632,0.481769,-0.442046,-0.326632,0.481769,-0.442046,-0.36,0.973019,-0.442046,-0.166746,0.973019,-0.813688,-0.166687,0.760767,-0.78123,-0.36,0.760769,-0.442046,-0.162821,0.757019,-0.780296,0.162821,0.757019,-0.780296,-0.32625,0.478019,-0.438296,0.32625,0.478019,-0.438296,0.32625,0.478019,0.364204,-0.32625,0.478019,0.364204,-0.36,0.973019,0.364204,-0.36,0.757019,-0.438296,-0.36,0.757019,0.364204,-0.330401,0.481747,-0.438296,-0.330401,0.481747,0.364204,0.35625,0.973019,0.367954,-0.35625,0.973019,0.367954,-0.356239,0.757019,0.367954,0.356239,0.757019,0.367954,-0.326632,0.481769,0.367954,0.326632,0.481769,0.367954,0.36,0.973019,0.364204],
    "materials":[{
        "vertexColors":false,
        "visible":true,
        "specularCoef":50,
        "DbgColor":15658734,
        "wireframe":false,
        "colorSpecular":[0.09,0.09,0.09],
        "shading":"phong",
        "depthWrite":true,
        "DbgIndex":0,
        "DbgName":"Material__123",
        "opacity":1,
        "blending":1,
        "transparent":false,
        "colorEmissive":[0,0,0],
        "colorDiffuse":[1,0.9,0.4],
        "depthTest":true,
        "doubleSided":true
    }],
    "metadata":{
        "version":3,
        "colors":0,
        "faces":37,
        "uvs":1,
        "vertices":38,
        "materials":1,
        "normals":38,
        "generator":"io_three",
        "type":"Geometry"
    }
}